{
  "project_info": {
    "project_number": "741115754469",
    "firebase_url": "https://rappiservi-bb05b.firebaseio.com",
    "project_id": "rappiservi-bb05b",
    "storage_bucket": "rappiservi-bb05b.appspot.com"
  },
  "client": [
    {
      "client_info": {
        "mobilesdk_app_id": "1:741115754469:android:21302c4e7c74d87c",
        "android_client_info": {
          "package_name": "com.example.notificacionesfcm"
        }
      },
      "oauth_client": [
        {
          "client_id": "741115754469-807godhan7ebfr6ml09fsp6b0lb3cf4m.apps.googleusercontent.com",
          "client_type": 1,
          "android_info": {
            "package_name": "com.example.notificacionesfcm",
            "certificate_hash": "696db6518dba938c0e612901b35cce06220ae610"
          }
        },
        {
          "client_id": "741115754469-kpvodvql4nh46nems1tuggon5ace8dsj.apps.googleusercontent.com",
          "client_type": 3
        }
      ],
      "api_key": [
        {
          "current_key": "AIzaSyCakixjX4Ne1_r5XBZQ8GyGKsgnODNESS4"
        }
      ],
      "services": {
        "appinvite_service": {
          "other_platform_oauth_client": [
            {
              "client_id": "741115754469-kpvodvql4nh46nems1tuggon5ace8dsj.apps.googleusercontent.com",
              "client_type": 3
            }
          ]
        }
      }
    }
  ],
  "configuration_version": "1"
}